workId,sigle,title,authorId,handschriftencensusId,wikidataId,gndId
10,LZ,Lanzelet,person_6,392,Q842457,4131829-8
100,GIT,Glück im Traum,person_anonym,5430,,
101,DKF,Der Kater als Freier,person_4,,,
101,KAF,Der Kater als Freier,person_4,,,
102,DWI,Das Wildpret,person_4,,,
102,DWP,Das Wildpret,person_4,,,
103,DGR,Der Gärtner,person_4,,,
103,GAE,Der Gärtner,person_4,,,
104,DSL,Die Sommerlatte,person_anonym,,,
105,DGH,Die Gäuhühner,person_4,,,4750197-2
105,DGH,Die Gäuhühner,person_4,,,4750197-2
105,GAU,Die Gäuhühner,person_4,,,4750197-2
105,GAU,Die Gäuhühner,person_4,,,4750197-2
106,DNR,Der nackte Ritter,person_4,,Q1199454,1056015136
106,SNR,Der nackte Ritter,person_4,,Q1199454,1056015136
107,KWL,Lyrik von Konrad von Würzburg,person_1,6211,,
108,ESB,Engelthaler Schwesternbuch,person_385,581,Q1342213,1056948493
108,ESB,Von der Genaden Uberlast,person_385,581,Q1342213,1056948493
109,HSL,Das Häslein,person_anonym,1768,,
109,HSL,Dis ist von dem Heselin,person_anonym,1768,,
11,PT,Pantaleon,person_1,1602,Q58476602,7618650-7
110,GVS,Lyrik von Gottfried von Straßburg,person_8,3328,,
110,MGS,Lyrik von Gottfried von Straßburg,person_8,3328,,
113,PL1,"Lanzelot (Mittelhochdeutsch, Prosa)",person_anonym,221,,4074015-8
113,PL1,Prosa-Lancelot,person_anonym,221,,4074015-8
113,PL2,"Lanzelot (Mittelhochdeutsch, Prosa)",person_anonym,221,,4074015-8
113,PL2,Prosa-Lancelot,person_anonym,221,,4074015-8
113,PL3,"Lanzelot (Mittelhochdeutsch, Prosa)",person_anonym,221,,4074015-8
113,PL3,Prosa-Lancelot,person_anonym,221,,4074015-8
115,WLE,Der Leich,person_324,,,4250650-5
116,MSW,Lyrik vom Mönch von Salzburg  (Weltliche Lieder),person_344,2056,,
117,MSG,Lyrik vom Mönch von Salzburg (Geistliche Lieder),person_344,2056,,
118,WVV,Lyrik von Walther von der Vogelweide,person_324,414,,
119,MSV,Lyrik von Spervogel,person_128,358,,
12,SL,Silvester,person_1,211,,4661322-5
120,DUJ,Die ungehorsamen Juden,person_anonym,,,
120,DUJ,Die wandelbaren Juden,person_anonym,,,
120,DWJ,Die ungehorsamen Juden,person_anonym,,,
120,DWJ,Die wandelbaren Juden,person_anonym,,,
121,DTU,Der Turse,person_4,,,1056015705
121,DTU,Der Turse,person_anonym,,,1056015705
123,DGK,Die geliehenen Kleider,person_4,,,
123,GKL,Die geliehenen Kleider,person_4,,,
124,DHO,Der Hort,person_4,,,
124,HOR,Der Hort,person_4,,,
125,DKI,Der Kirchtag,person_4,,,
125,KIT,Der Kirchtag,person_4,,,
126,MEA,Engelhart von Adelnburg,person_264,5720,Q81438421,1013706803
126,MEA,Engelhart von Adelnburg,person_264,5720,Q81438421,104213841
127,MRA,Lyrik von Reinmar dem Alten,person_284,311,,
128,ROT,King Rother,person_anonym,200,Q1795972,4105030-7
128,ROT,König Rother,person_anonym,200,Q1795972,4105030-7
128,ROT,König Rother,person_anonym,200,Q1795972,4105030-7
129,DA,Daniel vom blühenden Tal,person_4,1207,Q5219190,4137054-5
129,DA,Daniel von dem blühenden Tal,person_4,1207,Q5219190,4137054-5
13,WH,Willehalm,person_7,440,Q2576669,4117689-3
130,DFL,Dietrichs Flucht,person_anonym,87,Q1224218,4149762-4
131,EID,Tristrant,person_42,98,Q69646181,4211693-4
131,EIH,Tristrant,person_42,98,Q69646181,4211693-4
131,EIL,Tristrant,person_42,98,Q69646181,4211693-4
132,ENE,Eneasroman,person_41,164,Q1341065,4099227-5
132,ENE,Eneit,person_41,164,Q1341065,4099227-5
132,ENE,Romance of Eneas,person_41,164,Q1341065,4099227-5
133,ENG,Engelhard,person_1,5720,Q1342068,4131545-5
133,ENG,Engelhard (Roman),person_1,5720,Q1342068,4131545-5
134,ERB,Herzog Ernst,person_anonym,6299,Q1615222,4159680-8
134,ERB,Herzog Ernst,person_anonym,6299,Q1615222,4159677-8
134,ERB,Herzog Ernst (B),person_anonym,6299,Q1615222,4159680-8
134,ERB,Herzog Ernst (B),person_anonym,6299,Q1615222,4159677-8
137,HH,Himmel und Hölle,person_anonym,4035,,
138,TSM,Der Tugendspiegel oder der Meizoge,person_anonym,,,
139,WGS,Warum Gott sein Haupt neiget,person_anonym,1290,,
14,AMI,Der Pfaffe Amis,person_4,368,Q1196189,4226431-5
14,AMI,Pfaffe Amis,person_4,368,Q1196189,4226431-5
141,DWF,Der wahre Freund,person_anonym,,,
142,DMD,Der Marktdieb,person_4,,,1056015616
142,MKD,Der Marktdieb,person_4,,,1056015616
143,LUM,Löwe und Maus,person_anonym,5362,,
144,DHW,Der Hund am Wasser,person_anonym,5358,,
145,HTR,Der Renner,person_384,653,Q1196471,4200964-9
145,HTR,Der Renner (1549),person_384,653,Q1196471,4200964-9
147,PZ,Parzival,person_7,437,Q1247232,4108542-5
148,BGM,Der Bergmann,person_anonym,3677,,7642817-5
148,BGM,Der Feldbauer,person_anonym,3677,,7642817-5
15,WGL,Wigalois,person_36,432,Q2569730,4131828-6
15,WGL,"Wigalois, der Ritter mit dem Rade",person_36,432,Q2569730,4131828-6
150,GL,Gauriel von Muntabel,person_9,567,,4327423-7
151,DMK,Der milde König,person_anonym,2227,,
152,DSE,Der Sünder und der Einsiedel,person_4,,,
152,SUE,Der Sünder und der Einsiedel,person_4,,,
153,DSP,Der Spiegel,person_anonym,1834,,
154,DVC,Die verlorenen Christen,person_4,,,
154,VCH,Die verlorenen Christen,person_4,,,
156,JSG,Der Jüngere Sigenot,person_anonym,,,
157,SJT,Lyrik von Süßkind von Trimberg,person_425,3200,,
157,SZK,Lyrik von Süßkind von Trimberg,person_425,3200,,
159,DGT,Die geweihten Toren,person_anonym,,,
16,GER,Der guote Gerhart,person_11,1599,Q42190653,4115801-5
16,GER,Der guote Gêrhart,person_11,1599,Q42190653,4115801-5
16,GER,Der guote Gêrhart,person_11,1599,Q42190653,4115801-5
160,DRH,Die Rebhühner,person_706,,,
161,MVL,Lyrik von Heinrich von Veldeke (limburg. Fassg.),person_41,,,
162,MUG,Lyrik von Ulrich von Gutenburg,person_184,2039,,
163,MAJ,Lyrik von Albrecht von Johansdorf,person_204,2037,,
164,MBH,Lyrik von Bernger von Horheim,person_225,2038,,
165,MHT,Lyrik von Hartwig von Raute,person_226,2045,,
166,MRF,Lyrik von Rudolf von Fenis,person_230,2033,,
167,AC1,Der Ackermann aus Böhmen,person_726,936,Q1192091,4123466-2
167,AC1,Der Ackermann aus Böhmen,person_726,936,Q1192091,4123466-2
167,AC1,Der Ackermann und der Tod,person_726,936,Q1192091,4123466-2
167,AC2,Der Ackermann aus Böhmen,person_726,936,Q1192091,4123466-2
167,AC2,Der Ackermann aus Böhmen,person_726,936,Q1192091,4123466-2
167,AC2,Der Ackermann und der Tod,person_726,936,Q1192091,4123466-2
167,AC3,Der Ackermann aus Böhmen,person_726,936,Q1192091,4123466-2
167,AC3,Der Ackermann aus Böhmen,person_726,936,Q1192091,4123466-2
167,AC3,Der Ackermann und der Tod,person_726,936,Q1192091,4123466-2
168,DKK,Der kluge Knecht,person_4,,,1056015063
168,SKK,Der kluge Knecht,person_4,,,1056015063
17,1c494018e8956699dffcf3aaf8b240a2456563ddd1388b12651b76a4638b50eb,Meier Helmbrecht,person_43,764,Q1755381,4192248-7
17,855e6abca6add3e762a31c934d67eefdcfe2486e4a7f4539bb988e4b8be5bcb5,Meier Helmbrecht,person_43,764,Q1755381,4192248-7
17,HBR,Meier Helmbrecht,person_43,764,Q1755381,4192248-7
170,DGP,Der geäffte Pfaffe,person_anonym,,,
171,JEW,Weltchronik,person_525,545,Q107741337,4211556-5
172,CHH,Christi Hort,person_606,141,Q1078608,1165518732
174,DRT,Der Roßtäuscher,person_4,,,
175,FRF,Falsche und rechte Milte,person_4,,,
175,FRM,Falsche und rechte Milte,person_4,,,
176,DML,Die Männler,person_4,,,
177,AXS,Alexanderlied,person_565,217,Q2643537,4467770-4
177,AXV,Alexanderlied,person_565,217,Q2643537,4467770-4
178,KDO,Das Kochbuch aus dem Deutschen Orden,person_anonym,,,
179,BDK,Deutschenspiegel,person_anonym,,Q1204572,4149290-0
179,DL1,Deutschenspiegel,person_anonym,,Q1204572,4149290-0
179,DL2,Deutschenspiegel,person_anonym,,Q1204572,4149290-0
18,6438004e24d594476c343f49343a5ea462adaae89e231ddebac4a23e932d1c96,Der Nibelungen Nôt,person_anonym,271,Q131554,4042046-2
18,6438004e24d594476c343f49343a5ea462adaae89e231ddebac4a23e932d1c96,Nibelungenlied,person_anonym,271,Q131554,4042046-2
18,NBB,Der Nibelungen Nôt,person_anonym,271,Q131554,4042046-2
18,NBB,Nibelungenlied,person_anonym,271,Q131554,4042046-2
18,NLA,Der Nibelungen Nôt,person_anonym,271,Q131554,4042046-2
18,NLA,Nibelungenlied,person_anonym,271,Q131554,4042046-2
18,NLB,Der Nibelungen Nôt,person_anonym,271,Q131554,4042046-2
18,NLB,Nibelungenlied,person_anonym,271,Q131554,4042046-2
18,NLC,Der Nibelungen Nôt,person_anonym,271,Q131554,4042046-2
18,NLC,Nibelungenlied,person_anonym,271,Q131554,4042046-2
18,d2b577bab706a676c2d527fb8fb1f8f44413199698967d64f7be086cda611994,Der Nibelungen Nôt,person_anonym,271,Q131554,4042046-2
18,d2b577bab706a676c2d527fb8fb1f8f44413199698967d64f7be086cda611994,Nibelungenlied,person_anonym,271,Q131554,4042046-2
180,BRZ,Predigten von Berthold von Regensburg,person_626,62,,
181,ECK,Predigten von Meister Eckhart,person_445,94,,
183,ARK,Der arme und der reiche König,person_4,,,
183,DAR,Der arme und der reiche König,person_4,,,
184,DTG,Die treue Gattin,person_465,759,,
184,DTG,Diu getriu Kone,person_465,759,,
185,SAX,Alexander (Reimpaar),person_1687,,,1181163862
185,SAX,Seifrits Alexander,person_1687,,,1181163862
186,BAR,Barlaam and Josaphat,person_11,321,Q790563,4303311-8
186,BAR,Barlaam and Josaphat,person_11,321,Q790563,118959409
186,BAR,Barlaam und Josaphat,person_11,321,Q790563,4303311-8
186,BAR,Barlaam und Josaphat,person_11,321,Q790563,118959409
187,AXW,Der Große Alexander,person_anonym,,,4802285-8
187,AXW,Der Wernigeroder Alexander,person_anonym,,,4802285-8
188,AK,Steirische Reimchronik,person_104,602,Q2341922,4482775-1
188,OVG,Steirische Reimchronik,person_104,602,Q2341922,4482775-1
189,SKA,Das Schneekind,person_anonym,2225,Q19150378,7564531-2
189,SKA,Das Schneekind (A),person_anonym,2225,Q19150378,7564531-2
189,SKA,Daz Snemære,person_anonym,2225,Q19150378,7564531-2
19,SAT,Salman und Morolf,person_anonym,,Q456205,4178964-7
19,SAT,Salman und Morolf (Forts.),person_anonym,,Q456205,4178964-7
19,SAT,Salomon und Markolf (Spielmannsepos),person_anonym,,Q456205,4178964-7
19,SAT,Solomon and Marcolf,person_anonym,,Q456205,4178964-7
190,KVM,Buch der Natur,person_607,503,Q1167389,4130260-6
190,KVM,Das Buch der Natur,person_607,503,Q1167389,4130260-6
191,HUL,Leben des heiligen Ulrich,person_585,1009,,
192,MNA,Mainauer Naturlehre,person_anonym,946,,4331346-2
193,DAH,Der arme Heinrich,person_2,147,Q1198287,4113850-8
194,DBE,Der begrabene Ehemann,person_4,,,1056014806
194,SBE,Der begrabene Ehemann,person_4,,,1056014806
195,SKB,Das Schneekind,person_anonym,2225,Q19150378,7564531-2
195,SKB,Das Schneekind (B),person_anonym,2225,Q19150378,7564531-2
195,SKB,Daz Snemære,person_anonym,2225,Q19150378,7564531-2
196,KC2,Kaiserchronik,person_anonym,189,Q605049,4203382-2
196,KC2,Kaiserchronik (Anhang 2),person_anonym,189,Q605049,4203382-2
197,HZU,Herzogenburger Urkunden,person_anonym,,,
197,HZU2,Herzogenburger Urkunden,person_anonym,,,
198,MAI,Mai und Beaflor,person_anonym,643,Q1885102,4391475-5
199,ABS,Ein alemannisches Büchlein von guter Speise,person_anonym,7175,,
20,ERD,Herzog Ernst,person_anonym,1420,Q1615222,4159682-1
20,ERD,Herzog Ernst,person_anonym,1420,Q1615222,4159677-8
20,ERD,Herzog Ernst (D),person_anonym,1420,Q1615222,4159682-1
20,ERD,Herzog Ernst (D),person_anonym,1420,Q1615222,4159677-8
20,ERD,"Herzog Ernst (D, strophig)",person_anonym,1420,Q1615222,4159682-1
20,ERD,"Herzog Ernst (D, strophig)",person_anonym,1420,Q1615222,4159677-8
200,PKP,Predigten von Priester Konrad,person_646,,,
202,RSP,Der Ritterspiegel,person_666,1363,,7544857-9
202,RSP,Ritterspiegel,person_666,1363,,7544857-9
203,DHE,Das heiße Eisen,person_4,,,1056015039
203,SHI,Das heiße Eisen,person_4,,,1056015039
205,DES2,Das Buch von guter Speise,person_anonym,2346,Q81969,4280362-7
205,DES2,Daz buoch von guoter spîse,person_anonym,2346,Q81969,4280362-7
205,GSP,Das Buch von guter Speise,person_anonym,2346,Q81969,4280362-7
205,GSP,Daz buoch von guoter spîse,person_anonym,2346,Q81969,4280362-7
206,MHR,Lyrik von Heinrich von Rugge,person_224,1272,,
207,ANN,Annolied,person_anonym,1030,Q567286,4243367-8
207,ANN,Das Annolied,person_anonym,1030,Q567286,4243367-8
208,TRY,Daz liet von Troye,person_35,166,Q66770733,4538114-8
208,TRY,Liet von Troye,person_35,166,Q66770733,4538114-8
209,PUT,Pyramus und Thisbe,person_anonym,,,
209,PUT,"Von Pyramo und Thisbe, den zwein Lieben geschah vil Wê.",person_anonym,,,
21,AXH,Alexander,person_12,490,,4219319-9
21,AXU,Alexander,person_12,490,,4219319-9
210,HEO,Die Herren zu Österreich,person_4,,,
210,HZO,Die Herren zu Österreich,person_4,,,
211,DES,Der Esel,person_4,,,
211,ESL,Der Esel,person_4,,,
214,ROA,Rosengarten,person_anonym,,Q329662,4178461-3
214,ROA,Rosengarten (Epos),person_anonym,,Q329662,4178461-3
214,ROA,Rosengarten zu Worms,person_anonym,,Q329662,4178461-3
214,ROD,Rosengarten,person_anonym,,Q329662,4178461-3
214,ROD,Rosengarten (Epos),person_anonym,,Q329662,4178461-3
214,ROD,Rosengarten zu Worms,person_anonym,,Q329662,4178461-3
215,KC1,Kaiserchronik,person_anonym,189,Q605049,4203382-2
215,KC1,Kaiserchronik (Anhang 1),person_anonym,189,Q605049,4203382-2
216,KME,Das Kochbuch Meister Eberhards,person_545,,,
217,VHG,Vom heiligen Geist,person_4,,,
218,DUZ,Der unbelehrbare Zecher,person_4,,,
220,KAT,Die Katze,person_4,762,,
221,DWS,Der Waldschrat,person_4,,,
221,WAS,Der Waldschrat,person_4,,,
222,FUP,Frauenleben und Pfaffenleben,person_4,,,
223,WST,Der wunderbare Stein,person_4,,,
224,BIL,Das Bild,person_4,,,
226,GVD,Die drei Gott verhaßten Dinge,person_4,,,
227,GEI,Die Geistlichen,person_4,,,
228,DUS,Der ungeratene Sohn,person_4,,,
23,WEN,Dietrich und Wenezlan,person_anonym,88,Q1224116,7565864-1
230,WSA,Die Weisheit Salomons,person_4,,,1056016426
231,VES,Von Edelsteinen,person_4,,,
232,GRA,Der gefangene Räuber,person_4,,,
233,DME,Von der Messe,person_4,2971,,
233,VDM,Von der Messe,person_4,2971,,
234,EUP,Edelmann und Pferdehändler,person_4,,,1056014938
234,EUP,Edelmann und Pferdehändler,person_4,,,1056014938
236,BMG,Bitte um mildes Gericht,person_4,,,
237,VAT,Vaterunser,person_4,,,
238,BUS,Bußgebet,person_4,,,
239,PAS,Passionsgebet,person_4,2107,,
24,WND,Der Wunderer,person_anonym,1499,Q2595003,4149155-5
24,WND,Wunderer,person_anonym,1499,Q2595003,4149155-5
24,WND,Wunderer (Epos),person_anonym,1499,Q2595003,4149155-5
240,GFM,Gebet von den Freuden Marias,person_4,,,
241,MAG,Mariengruß,person_4,,,
245,DUB,Der unfruchtbare Baum,person_4,,,
246,DJB,Der junge Baum,person_4,,,
25,WVO,Wilhelm von Österreich,person_48,584,,4233754-9
25,WVO,Wilhelm von Österreich,person_48,584,,4233754-9
250,DJR,Der junge Ratgeber,person_4,,,
251,BVH,Der Hase,person_4,,,
251,DHA,Der Hase,person_4,,,
252,AUN,Die Äffin und die Nuß,person_4,,,
255,DHH,Der Hofhund,person_4,,,
256,WBI,Der Wolf und der Biber,person_4,,,
257,FUK,Fliege und Kahlkopf,person_4,,,
258,DBD,Der blinde Dieb,person_4,,,
26,AT,Alpharts Tod,person_anonym,1024,Q2650997,4391492-5
260,GVH,"Gott ist Vater, Herr und Bruder",person_4,,,
261,DBF,Der blinde Führer,person_4,,,
262,DNB,Der nackte Bote,person_4,267,,105601511X
264,HUJ,Hofhund und Jagdhunde,person_4,,,
265,RST,Die reiche Stadt,person_4,,,1056015667
267,OUM,Der Ochse und die Maus,person_4,,,
268,KIH,Der Knecht in Herrenkleidern,person_4,,,
270,KRA,Der Krämer,person_4,,,
270,KRM,Der Krämer,person_4,,,
272,DZH,Die zwei Herren,person_4,,,
272,ZWH,Die zwei Herren,person_4,,,
273,SOG,Die Schlange ohne Gift,person_4,,,
274,UDG,Die undankbaren Gäste,person_4,,,
275,TEA,Des Teufels Ammen,person_4,,,
276,EGF,Die eingemauerte Frau,person_4,,Q1218160,1056020849
277,VBF,Von bösen Frauen,person_4,,,
278,STH,Das stinkende Haus,person_4,,,
279,EWV,Die ewige Verdammnis,person_4,,,
280,TUH,Die Tochter und der Hund,person_4,,,
281,SEV,Die sechs Versuchungen,person_4,,,
282,GUW,Der Gast und die Wirtin,person_4,2230,,
283,BEK,Die beiden Königinnen,person_4,,,1056016701
283,BEK,Die beiden Königinnen,person_4,,,1056016701
284,DWU,Der Wucherer,person_4,,,
284,WUC,Der Wucherer,person_4,,,
288,MUL,Des Muses Lehre,person_4,,,
29,EKL,Das Eckenlied,person_anonym,93,Q1281547,4151003-3
29,EKL,Eckenlied,person_anonym,93,Q1281547,4151003-3
292,AGS,Der altgewordene Sünder,person_4,,,1056018518
292,AGS,Der altgewordene Sünder,person_4,,,1056018518
293,EGH,Das entweihte Gotteshaus,person_4,,,
294,DTP,Die törichten Pfaffen,person_4,,,1056015888
294,DTP,Die törichten Pfaffen,person_4,,,1056015888
294,TPF,Die törichten Pfaffen,person_4,,,1056015888
294,TPF,Die törichten Pfaffen,person_4,,,1056015888
295,PFD,Die Pfaffendirne,person_4,,,
296,UKN,Der untreue Knecht,person_4,,,
297,TAU,Der Taugenichts,person_4,,,
298,DFJ,Die feisten Jagdvögel,person_4,,,
299,SHG,Die sieben himmlischen Gaben,person_4,,,
3,MKB,Lyrik des von Kürenberg,person_124,215,,
30,ER,Erec,person_2,148,Q1349655,4099216-0
300,LGR,Lohengrin,person_anonym,232,Q56298899,4129969-3
300,LGR,Lohengrin (Epos),person_anonym,232,Q56298899,4129969-3
302,WRB,Der Ring,person_627,1897,Q1196509,4122567-3
302,WRB,Der Ring (Lehrgedicht),person_627,1897,Q1196509,4122567-3
302,WRW,Der Ring,person_627,1897,Q1196509,4122567-3
302,WRW,Der Ring (Lehrgedicht),person_627,1897,Q1196509,4122567-3
303,ADP,Altdeutsche Predigten,person_anonym,,Q72688002,
304,DFR,Die Frauenehre,person_4,767,Q1451660,4283726-1
304,DFR,Frauenehre,person_4,767,Q1451660,4283726-1
304,SFE,Die Frauenehre,person_4,767,Q1451660,4283726-1
304,SFE,Frauenehre,person_4,767,Q1451660,4283726-1
306,FES,Frau Ehre und Frau Schande,person_anonym,,,
307,KCR,Kaiserchronik,person_anonym,189,Q605049,4203382-2
308,BKN,Die beiden Knappen,person_4,,,1056016027
308,DBK,Die beiden Knappen,person_4,,,1056016027
309,DWE,Der Weidemann,person_4,,,
309,WEI,Der Weidemann,person_4,,,
31,ERM,Ermenrîkes dôt,person_anonym,3671,,4378860-9
31,ERM,Koninc Ermenrîkes Dôt,person_anonym,3671,,4378860-9
310,BOP,Lyrik von Boppe,person_586,1764,,
312,ARB,Meister Albrants Roßarzneibuch,person_686,,Q60983071,1155485475
312,ARB,Rossarzneibuch,person_686,,Q60983071,1155485475
312,ARB,Roßarzneibuch,person_686,,Q60983071,1155485475
313,MBS,Lyrik von Bligger von Steinach,person_227,2036,,
314,DEH,Die Eule und der Habicht,person_4,,,
314,EUH,Die Eule und der Habicht,person_4,,,
315,RPF,Der Rabe mit den Pfauenfedern,person_4,,,
316,VUS,Der Vogel und der Sperber,person_4,,,1056021802
317,GES,Die gepfefferte Speise,person_4,,,
318,AUK,Die Äffin und ihre Kinder,person_4,680,Q1219980,
319,VEV,Die vier Evangelisten,person_4,,,1056017848
320,MUF,Die Milch und die Fliegen,person_4,,,1056016779
322,RUT,Der Richter und der Teufel,person_4,,Q1196498,1056015217
323,ESP,Der eigensinnige Spötter,person_4,,,
324,SPI,Die Spieler,person_4,,,
325,RHB,Die Halbe Birne,person_1,2213,Q45227348,
325,RHB,Die Halbe Birne,person_anonym,2213,Q45227348,
325,RHB,Die halbe Birne,person_1,2213,Q45227348,
325,RHB,Die halbe Birne,person_anonym,2213,Q45227348,
326,SLG,Der Schlegel,b30959e665539fa47b544c4320a15b2bd987157ebccf1f243e34afd4f52f022d,2222,,4353114-3
326,SLG,Der Schlegel,person_485,2222,,4353114-3
326,SLG,Hie hebt an daz Mære von dem Slegel,b30959e665539fa47b544c4320a15b2bd987157ebccf1f243e34afd4f52f022d,2222,,4353114-3
326,SLG,Hie hebt an daz Mære von dem Slegel,person_485,2222,,4353114-3
327,BAB,Die Buhlschaft auf dem Baume,person_anonym,1561,,
327,BAB,Von einem Plinten,person_anonym,1561,,
328,BAD,Die böse Adelheid,person_anonym,1674,,
328,BAD,Von der übeln Adelheit und irem Man,person_anonym,1674,,
329,DGE,Das Gebot der Ehre,person_4,,,
33,GOL,Goldemar,person_15,1016,Q1534813,1155734785
331,DRW,Die drei Wünsche,person_4,,Q60190969,1056014865
331,DRW,Die drei Wünsche,person_4,,Q60190969,1056014865
331,SDW,Die drei Wünsche,person_4,,Q60190969,1056014865
331,SDW,Die drei Wünsche,person_4,,Q60190969,1056014865
333,DDE,Der durstige Einsiedel,person_4,,,105601489X
334,DDW,Die drei Waffen,person_4,,,
335,PRL,Processus Luciferi,person_4,,,
336,TDS,Der Teufel und die Seele,person_4,,,
336,TDS,Swelich sele vsdampnet sint / Di enphehet ds tiufel und sine kint (M),person_4,,,
336,TDS,Von den teüfeln wie si di sel marternt (N),person_4,,,
337,GZM,Gebet zum Meßopfer,person_4,,,
338,CDV,Commemoratio pro defunctis et vivis,person_4,,,
339,GZS,Gebet zum Schutzengel,person_4,,,
34,MEL,Meleranz,person_32,1335,,4259570-8
341,HAL,Hase und Löwe,person_4,,,
343,DFB,Der falsche Blinde,person_4,,,
344,DHP,Der Hahn und die Perle,person_4,,,1056024461
346,PBL,Predigtmärlein vom brüllenden Löwen,person_4,,,
347,VTO,Vom Tode,person_4,,,
348,CGF,Christus eine gebärende Frau,person_4,,,
350,ASG,Aalener Stadtratsgedicht,person_786,,,
351,HIN,Unser vrouwen hinvart,person_827,206,,4214976-9
351,HIN,Von unser vrouwen hinvart,person_827,206,,4214976-9
352,DFT,Die Frauentreue,person_anonym,968,,
352,DFT,Diz Büechel heizet der Vrouwen Triuwe Got helf vns mit ganzer Riuwe,person_anonym,968,,
353,JUN,Der Jüngling,person_806,1291,,4630024-7
353,JUN,Der Jüngling,person_806,1291,,4630024-7
354,DBW,Der Bildschnitzer von Würzburg,person_907,1224,Q60190972,
354,DBW,Von dem Maler zu Wirtzpurg,person_907,1224,Q60190972,
355,DIS,Die Disputation,person_907,,,
355,DIS,Ein Disputatz eins Freiheits mit eim Juden,person_907,,,
356,DFS,Der fahrende Schüler,person_907,,,
357,TIN,Di Tint,person_907,,,
357,TIN,Die Tinte,person_907,,,
358,DLF,Drei listige Frauen,person_927,3634,,
359,DRE,Die Rache des Ehemannes,person_927,,,
36,NT,Das Turnier von Nantes,person_1,1592,,7622640-2
360,HUG,Lyrik von Hugo von Montfort,person_887,948,,
361,FVS,Lyrik von Friedrich von Sonnenburg,person_826,117,,
362,SBK,Der Schalk und die beiden Könige,person_4,,,
363,CRO,Der aventiure crône,person_867,470,Q50379155,4215306-2
363,CRO,Diu Crone,person_867,470,Q50379155,4215306-2
363,CRO,Diu Crône,person_867,470,Q50379155,4215306-2
364,KFB,Cologne Fechtbuch,person_anonym,,Q1795826,7698921-5
364,KFB,Fechtbuch,person_anonym,,Q1795826,7698921-5
364,KFB,Fechtbuch / W 150 (Best. 7020),person_anonym,,Q1795826,7698921-5
364,KFB,Kölner Fechtbuch,person_anonym,,Q1795826,7698921-5
365,FGP,Der fünfmal getötete Pfarrer,person_907,,Q60190967,
365,FGP,"Vom Pfarrer, der zu Fünfmaln starb",person_907,,Q60190967,
366,DFE,Der feige Ehemann,person_927,,,
367,SGE,Die Suche nach dem glücklichen Ehepaar,person_927,,,
368,DUM,Die unschuldige Mörderin,person_927,,Q28166423,
369,RUZ,Der Ritter unter dem Zuber,person_947,650,,
369,RUZ,Dis ist der Ritter underm Zuber,person_947,650,,
37,RAB,Die Rabenschlacht,person_anonym,305,Q2124989,4176753-6
37,RAB,Rabenschlacht,person_anonym,305,Q2124989,4176753-6
37,RAB,Rabenschlacht (Dietrichepik),person_anonym,305,Q2124989,4176753-6
370,SPW,Der Sperber,person_anonym,878,,4149144-0
370,SPW,Der Sperber (Mittelhochdeutsche Verserzählung),person_anonym,878,,4149144-0
370,SPW,Diz ist ein schœnez Mære von einem Sperwære,person_anonym,878,,4149144-0
371,GSL,Das Gänslein,person_anonym,2221,Q60431338,
371,GSL,Diz Mere heizet daz Genselîn und sagt von einem Münche und von einem Magedîn,person_anonym,2221,Q60431338,
372,DNT,Das Nonnenturnier,person_anonym,1795,Q25379117,
372,DNT,Der Turnei von dem Zers,person_anonym,1795,Q25379117,
373,DMN,Des Mönches Not,person_948,686,,
373,DMN,Des Münches Not,person_948,686,,
374,MLB,Der Mönch als Liebesbote,person_anonym,1572,Q60190965,
374,MLB,Der Mönch als Liebesbote (A),person_anonym,1572,Q60190965,
374,MLB,Die falsch Peicht,person_anonym,1572,Q60190965,
375,RVS,Der Ritter von Staufenberg,person_848,1980,Q85792966,4626823-6
375,RVS,Peter von Staufenberg,person_848,1980,Q85792966,4626823-6
376,URS,Diu urstende,person_827,464,Q51716153,4214975-7
377,AUP,Aristoteles und Phyllis,person_anonym,25,Q175152,
377,AUP,The tale of Phyllis and Aristotle,person_anonym,25,Q175152,
378,SUW,Diz ist von einem Schretel und von einem Wazzerbern,person_anonym,,,7691455-0
378,SUW,Kobold und Eisbär,person_anonym,,,7691455-0
378,SUW,Schrätel und Wasserbär,person_anonym,,,7691455-0
379,DDM,Die drei Mönche von Kolmar,person_1007,2381,Q1218109,
379,DDM,Die drei Mönche zu Kolmar,person_1007,2381,Q1218109,
38,MMS,Lyrik von Meinloh von Sevelingen,person_125,2035,,
380,WVE,Lyrik von Werner von Elmendorf,person_847,422,,
381,JUD,Die jüngere Judith,person_anonym,186,,
382,RDL,Das Rädlein,person_949,689,,
382,RDL,Diz Büechel heizet daz Rädelin und ist von einem Maidelin,person_949,689,,
383,OSW,Der Münchner Oswald,person_anonym,2256,,4172972-9
383,OSW,Oswald (Münchener Oswald),person_anonym,2256,,4172972-9
384,DSA,Der Salamander,person_4,,,
385,DKA,Das Katzenauge,person_4,,,105601556X
385,DKA,Hie gewan ein kvnic ein ovgen / Einer katzen ane lovgen (K),person_4,,,105601556X
385,KAA,Das Katzenauge,person_4,,,105601556X
385,KAA,Hie gewan ein kvnic ein ovgen / Einer katzen ane lovgen (K),person_4,,,105601556X
387,DWW,Der Wolf und das Weib,person_4,,,
388,EGA,"Von Eseln, Gäuchen und Affen",person_4,,,
388,VEG,"Von Eseln, Gäuchen und Affen",person_4,,,
389,DWG,Der Wolf und die Gänse,person_4,,,
39,MBR,Lyrik vom Burggraf von Regensburg,person_126,458,,
390,WUS,Der Wolf und sein Sohn,person_4,,,
391,WUB,Der Wolf und der Bauer,person_4,,,
394,MAR,Die Martinsnacht,person_4,,,
395,GGG,Gegen Gleichgeschlechtlichkeit,person_4,,,
396,HEI,Die Heidin (B),person_anonym,570,,4149676-0
396,HEI,Die Heidin (Verserzählung),person_anonym,570,,4149676-0
396,HEI,Hie hebet sich an die Heideninne,person_anonym,570,,4149676-0
397,RBE,Die Historien von dem Ritter Beringer,person_anonym,,,
397,RBE,Ritter Beringer,person_anonym,,,
398,BIB,Bremse im Blütenhaus,person_anonym,5375,,
399,DEK,Der ernsthafte König,person_4,6032,,7625357-0
399,DEK,Der ernsthafte König,person_4,6032,,7625357-0
399,EKO,Der ernsthafte König,person_4,6032,,7625357-0
399,EKO,Der ernsthafte König,person_4,6032,,7625357-0
4,AX,Alexius,person_1,663,,4576130-9
4,AXK,Alexius,person_1,663,,4576130-9
40,MRB,Lyrik vom Burggraf von Rietenburg,person_127,316,,
400,DKM,Die Königin vom Mohrenland,person_4,,,
400,KMO,Die Königin vom Mohrenland,person_4,,,
401,DKR,Der Käfer im Rosenhaus,person_4,,,
401,KIR,Der Käfer im Rosenhaus,person_4,,,
402,EHR,Ehemanns Rat,person_4,,,
402,ERA,Ehemanns Rat,person_4,,,
403,VCW,Von christlichen Werken,person_4,,,
404,VDB,Von der besten Frau,person_anonym,,,
405,VDF,Von drei Freunden,person_4,5426,,
406,DTS,Der Tropfen auf dem Stein,person_anonym,5429,,
408,HOF,Von der Hochfahrt,person_4,,,
408,HOF,Von der Hochfahrt,person_anonym,,,
408,VDH,Von der Hochfahrt,person_4,,,
408,VDH,Von der Hochfahrt,person_anonym,,,
409,SVP,Der Schüler von Paris,person_anonym,,,
409,SVP,Hie hebt an diu Red von Paris von zweien Lieben,person_anonym,,,
41,MHG,Lyrik von Herger,person_144,358,,
410,VJT,Vom jüngsten Tage,person_anonym,,,4363294-4
410,VJT,Vom jüngsten Tage,person_anonym,,,4363294-4
411,SFL,Sanct Francisken Leben,person_766,,,4476628-2
411,SFL,Sanct Franzisken Leben,person_766,,,4476628-2
412,TSY,Tochter Syon,person_766,220,,4476630-0
413,HWI,Lyrik von Herrand von Wildonie,person_465,3532,,
415,HHW,Lyrik von Heinrich Hetzbold von Weißensee,person_1051,3539,,
416,HAW,Lyrik von Hawart,person_1048,3438,,
417,HVW,Lyrik von Hugo von Werbenwag,person_1055,5721,,
418,KOL,Lyrik von Kol von Niunzen,person_1058,4129,,
419,HSB,Lyrik von Hartmann von Starkenberg,person_1053,3423,,
42,MHV,Lyrik von Heinrich von Veldeke,person_41,2053,,
420,HVS,Lyrik von Hiltbolt von Schwangau,person_1054,2047,,
421,KCJ,Lyrik von König Konrad dem Jungen,person_1057,4159,,
422,LVS,Lyrik von Leuthold von Seven,person_1060,2048,,
423,MVH,Lyrik von Markgraf von Hohenburg,person_1063,4040,,
424,OBP,Lyrik von Otto von Brandenburg mit dem Pfeil,person_1066,4724,,
425,OVB,Lyrik von Otto von Botenlauben,person_1067,284,,
426,RDV,Lyrik von Reimar dem Fiedler,person_1071,5012,,
427,DIO,Dyocletianus Leben,person_1167,3393,Q51715714,4702472-0
427,DIO,Life of Dyocletian,person_1167,3393,Q51715714,4702472-0
429,MUN,Lyrik des von Munegiur,person_1062,2040,,
43,MDE,Lyrik von Dietmar von Aist,person_145,85,,
430,RVR,Lyrik von Rudolf von Rotenburg,person_1087,325,,
431,STA,Lyrik des von Stamheim,person_1088,3177,,
432,TUS,Lyrik vom tugendhaften Schreiber,person_1091,384,,
433,KVH,Lyrik von Kristan von Hamle,person_1107,2721,,
434,LZT,Lannzilet,person_1187,,,1181150027
434,LZT,Lanzelot,person_1187,,,1181150027
435,HMU,Lyrik von Hugo von Mühldorf,person_1052,5723,,
436,KVL,Lyrik von Kristan von Lupin,person_1059,2720,,
437,VER,Veronica,person_1207,1848,,
438,VSN,Vespasianus,person_1207,1849,,
439,GIR,Van der Girheit,person_1207,,,
44,MKH,Lyrik von Kaiser Heinrich,person_164,2032,,
440,CL,Christliche Lehre,person_1207,1846,,
441,BRH,Lyrik von Bruno von Hornberg,person_987,2750,,
442,SKT,Lyrik von Kraft von Toggenburg,person_1247,214,,
443,SWH,Lyrik von Wernher von Hohenberg,person_1248,4582,,
444,SWK,Lyrik von Walther von Klingen,person_1251,4553,,
445,SJW,Lyrik von Jakob von Warte,person_1249,4068,,
446,SES,Lyrik von Eberhard von Sax,person_1250,3644,,
447,SHS,Lyrik von Heinrich von Sax,person_1252,3487,,
448,SHF,Lyrik von Heinrich von Frauenberg,person_1253,3462,,
449,SDG,Lyrik des von Glier,person_1254,3290,,
45,MFH,Lyrik von Friedrich von Hausen,person_165,2034,,
450,SWT,Lyrik von Wernher von Teufen,person_1255,4584,,
451,SST,Lyrik von Heinrich von Stretelingen,person_1256,162,,
452,SHR,Lyrik von Hesso von Rinach,person_1257,3537,,
453,SKL,Lyrik von Konrad von Landeck,person_1262,4160,,
454,SA,Lyrik von Albrecht von Raprechtswil,person_1260,2622,,
455,SOT,Lyrik von Otto zum Turm,person_1261,4725,,
456,SWI,Lyrik von Winli,person_1263,4616,,
457,SKO,Lyrik von Konrad von Altstetten,person_1264,4151,,
458,SDT,Lyrik des von Trostberg,person_1265,3228,,
459,SHT,Lyrik von Heinrich von Tettingen,person_1274,3488,,
46,EZZ,Cantilena de Miraculis Christi,c5ec3a118a2bd22c5c48965ca917597788c38eec249c5c358af1e8dd8814120a,108,Q1386106,4153443-8
46,EZZ,Cantilena de Miraculis Christi,person_anonym,108,Q1386106,4153443-8
46,EZZ,Ezzolied,c5ec3a118a2bd22c5c48965ca917597788c38eec249c5c358af1e8dd8814120a,108,Q1386106,4153443-8
46,EZZ,Ezzolied,person_anonym,108,Q1386106,4153443-8
460,SG,Lyrik von Gast,person_1272,3694,,
461,SMT,Lyrik von Heinrich Teschler,person_1276,3212,,
462,BAX,Alexanderlied,person_565,217,Q2643537,4467771-6
462,BAX,Alexanderlied,person_anonym,217,Q2643537,4467771-6
462,BAX,Alexanderlied. Basler Bearbeitung,person_565,217,Q2643537,4467771-6
462,BAX,Alexanderlied. Basler Bearbeitung,person_anonym,217,Q2643537,4467771-6
462,BAX,Basler Alexander,person_565,217,Q2643537,4467771-6
462,BAX,Basler Alexander,person_anonym,217,Q2643537,4467771-6
463,FR1,Lyrik von Frauenlob,person_1347,113,,
463,FR2,Lyrik von Frauenlob,person_1347,113,,
463,FR3,Lyrik von Frauenlob,person_1347,113,,
465,WVK,Lyrik von Wahsmuot von Kunzich,person_1331,2042,,
466,TKR,Di tutsch kronik von Behem lant,person_anonym,3089,Q1207907,
467,SVL,Lyrik vom Schenk von Limburg,person_1090,4283,,
468,UVW,Lyrik von Ulrich von Winterstetten,person_1092,391,,
469,VBU,Lyrik des von Buchheim,person_1095,,,
470,UWL,Leich Ulrichs von Winterstetten,person_1092,391,,
471,VDK,Lyrik von Friedrich der Knecht,person_1096,5722,,
472,VOB,Lyrik des von Obernburg,person_1097,4702,,
473,VWI,Lyrik des von Wissenlos,person_1102,4622,,
474,VST,Lyrik des von Stadeck,person_1100,3176,,
475,ST,Lyrik vom Taler,person_1271,2955,,
476,MNB,Die Minneburg,person_anonym,6043,,
477,WUT,Willehalm,person_46,440,,4099390-5
478,TKA,Abriss der böhmischen Geschichte,person_anonym,,,
481,DUE,Lyrik von Dürner,person_1035,3641,,
482,FVL,Lyrik von Friedrich von Leiningen,person_1039,5719,,
483,KOC,Der Koch,person_anonym,,,
484,FUE,Falke und Eule,person_anonym,,,
485,PIK,Der Pfaffe im Käsekorb,person_anonym,,,
487,DGM,Die gestohlene Monstranz,person_anonym,,,
488,BVL,Lyrik vom Burggraf von Lienz,person_1027,4280,,
489,WVP,Lyrik von Walther von Breisach,person_1028,4552,,
49,FLO,Flore und Blanscheflur,person_40,204,,4568357-8
490,BVO,Lyrik von Brunwart von Augheim,person_1208,2749,,
491,CKI,Lyrik von Konrad von Kirchberg,person_1031,2050,,
492,DGA,Lyrik von Graf von Anhalt,person_1034,3450,,
493,DUR,Lyrik von Düring,person_1036,3640,,
494,SVE,Lyrik vom Schulmeister von Esslingen,person_1089,3902,,
495,GEG,Lyrik von Gedrut/Geltar,person_1040,3717,,
496,GVE,Lyrik von Gösli von Ehenhein,person_1041,3307,,
497,DWA,Lyrik vom wilden Alexander,person_1037,2065,,
498,REF,Respice Finem,person_anonym,,,
499,FWE,Fuchs und Wolf im Eimer,person_anonym,,,
5,CR,Mauritius von Craûn,person_227,751,Q1771750,4170556-7
5,CR,Mauritius von Craûn,person_anonym,751,Q1771750,4170556-7
5,CR,Moritz von Craon,person_227,751,Q1771750,4170556-7
5,CR,Moritz von Craon,person_anonym,751,Q1771750,4170556-7
5,CR,Moriz von Craûn,person_227,751,Q1771750,4170556-7
5,CR,Moriz von Craûn,person_anonym,751,Q1771750,4170556-7
50,GAR,Garel,person_32,552,Q5522763,4327409-2
50,GAR,Garel vom blühenden Tal,person_32,552,Q5522763,4327409-2
50,GAR,Garel von dem blühenden Tal,person_32,552,Q5522763,4327409-2
50,GAR,Garel von dem blüenden Tal,person_32,552,Q5522763,4327409-2
500,DSW,Das Säcklein Witz,person_anonym,,,
501,SBV,Ein Sohn beißt dem Vater die Nase ab,person_anonym,,,
502,WAF,Der Wolf als Fischer,person_anonym,,,
503,PMS,Der Pfaffe mit der Schnur,person_anonym,5842,,4129856-1
504,DKN,Die Katze als Nonne,person_anonym,4012,,
505,STP,St. Petrus und der Holzhacker,person_anonym,,,
506,HPF,Der hässliche Pfaffe,person_anonym,,,
507,VSB,Lyrik des von Scharfenberg,person_1327,3832,,
508,HHP,Lyrik von Herzog Heinrich von Pressela,person_1050,3454,,
509,VGM,Vom Geburtsfest Marias,person_anonym,,,
51,GR,Gregorius,person_2,149,Q1304472,4123346-3
510,EAL,Erscheinung am Lichtmesstage,person_anonym,,,
511,RGD,Die Rettung des gehängten Diebes,person_anonym,,,
512,MIT,Maria im Turnier,person_anonym,,,
513,JKN,Der Jesusknabe als Geisel,person_anonym,,,
514,SMB,"Ein Scholar, Marias Bräutigam",person_anonym,,,
515,SSP,Salve Sancta Parens,person_anonym,,,
516,TRS,Der Traum des Scholaren,person_anonym,,,
517,MIK,Das Marienbild in Konstantinopel,person_anonym,,,
518,TAK,Der Teufel als Kämmerer,person_anonym,,,
519,AML,Die Ave Maria-Lilie,person_anonym,,,
52,GRG,Der heilige Georg,person_14,,Q69643225,
520,AZW,Drei Äpfel zur Warnung,person_anonym,,,
521,MRM,Maria rettet einen Maler,person_anonym,,,
522,GSM,Die geschwätzigen Mönche,person_anonym,,,
523,TSU,Der Traum des Sünders,person_anonym,,,
524,MRR,Maria rettet einen Ritter um seiner Frau Willen,person_anonym,,,
525,JUK,Der Judenknabe,person_anonym,6031,,
526,RF,Reinhart Fuchs,person_1127,155,,4251691-2
527,EBW,Ein böses Weib scheidet eine Ehe,person_anonym,,,
528,GVN,Lyrik von Gottfried von Neifen,person_967,2131,,
529,ZWB,Zweierlei Bettzeug,person_anonym,,,
53,KAR,Karl der Große,person_4,366,,4196161-4
530,DZB,Die zwei Brote,person_anonym,,,
531,WUG,Der Wolf und die Geige,person_anonym,,,
532,DDL,Der dankbare Lindwurm,person_anonym,,,
533,DSU,Die Sünderin,person_anonym,,,
534,HVM,"Lyrik von Heinrich III., Markgraf von Meißen",person_1061,3478,,
535,NIU,Lyrik von Niune,person_1064,2431,,
536,RDJ,Lyrik von Reimar dem Jungen,person_1069,,,
537,PUL,Lyrik von Püller,person_1068,4912,,
538,RDS,Lyrik von Rudolf dem Schreiber,person_1070,3785,,
539,VSA,Lyrik des von Sachsendorf,person_1099,3802,,
54,KLA,Die Klage,person_anonym,195,Q1984635,4163993-5
54,KLA,Klage (Epos),person_anonym,195,Q1984635,4163993-5
54,KLA,Nibelungenklage,person_anonym,195,Q1984635,4163993-5
540,RUR,Lyrik von Rubin und Rüdeger,person_1073,3777,,
541,WME,Lyrik von Walter von Mezze,person_1103,587,,
542,GMV,Gaude Maria Virgo,person_anonym,,,
543,DEG,Der ertrunkene Glöckner,person_anonym,,,
544,BIM,Die Blume im Munde,person_anonym,,,
545,HIS,Hilfe in Seenot,person_anonym,,,
546,MRO,Marien Rosenkranz,person_anonym,4355,,
547,SUM,Der Scholar und das Marienbild,person_anonym,,,
548,THE,Das niederdeutsche Spiel von Theophilus,person_anonym,5467,Q51597072,7692985-1
548,THE,Theophilus,person_anonym,5467,Q51597072,7692985-1
548,THE,Theophilus-Spiel,person_anonym,5467,Q51597072,7692985-1
549,MFR,Marias Fürbitte für einen Ritter,person_anonym,,,
55,KU,Kudrun,person_anonym,756,Q491164,4136890-3
550,TA,Lyrik von Tannhäuser,person_1148,5725,,
551,PZM,Paränese zum Mariengruß,person_anonym,,,
552,VUA,Die auslegung vber den Pater noster,person_1427,,,
553,EB2,Zweites Ehebüchlein,person_anonym,,,
554,EB1,Erstes Ehebüchlein,person_anonym,,,
555,SBF,Flugschrift Donnerstein,person_1507,,,
556,FWWB,Rezepte aus dem Mittelalterlichen Hausbuch,person_anonym,,,
559,TUN,Tundalus (Prosa),person_anonym,2019,Q1938472,4186436-0
559,TUN,Tundalus der Ritter,person_anonym,2019,Q1938472,4186436-0
559,TUN,Visio Tnugdali,person_anonym,2019,Q1938472,4186436-0
56,ORT,Ortnit,person_anonym,483,Q1789855,4134012-7
560,HNI,Helmasperger Notariatsinstrument,person_1527,,,
561,NST,Neun Stück,person_anonym,,,
562,MML,Lyrik von Marner,person_1467,246,,
562,MRL,Lyrik von Marner,person_1467,246,,
562,MRS,Lyrik von Marner,person_1467,246,,
563,LUU,De amore Dei et proximi,person_05154796-f128-42a1-bd0d-e8335bf854e6,,,4287363-0
563,LUU,Lehre und Unterweisung,person_05154796-f128-42a1-bd0d-e8335bf854e6,,,4287363-0
567,NBU,Dat nuwe Boych,person_anonym,2435,,
568,APO,Apollonius,person_1407,3181,,1110212917
568,APO,Apollonius von Tyrus,person_1407,3181,,1110212917
569,PRJ,Processus juris,person_anonym,,,
57,PRT,Partonopier und Meliur,person_1,209,Q42194069,4220464-1
571,FLG,Das fließende Licht der Gottheit,person_1547,1179,,4226427-3
571,FLG,Das fließende Licht der Gottheit (Buch 1 & 2),person_1547,1179,,4226427-3
572,VTC,Vita Caroli Quarti,778d109009d62ccafa6cc3d6d17c6a3deed2dadcada943da02a54a487abe6dc7,,,1106269020
572,VTC,Vita Caroli Quarti,person_anonym,,,1106269020
572,VTC,Vita Caroli Quarti Imperatoris,778d109009d62ccafa6cc3d6d17c6a3deed2dadcada943da02a54a487abe6dc7,,,1106269020
572,VTC,Vita Caroli Quarti Imperatoris,person_anonym,,,1106269020
573,EHB,Ehebuch,person_1447,2149,,4556624-0
573,EHB,Ehebüchlein,person_1447,2149,,4556624-0
574,BRIX,"Kochrezepte; Brixen, Priesterseminarbibliothek, Cod. I 5 (Nr. 125)",person_anonym,7172,,
575,MSB1,Das Kochbuch aus der Stiftsbibliothek Michaelbeuern,person_anonym,7170,,
576,RCC,Reimchronik der Stadt Cöln,person_1387,564,Q2140208,4562957-2
576,RCC,Reimchronik der Stadt Köln,person_1387,564,Q2140208,4562957-2
576,RCC,Reimchronik der Stadt Köln,person_1387,564,Q2140208,4562957-2
577,PUC,Pulkava Chronik,person_anonym,,,
578,MSP,Der menschen spiegel,person_anonym,,,
579,FAN,Fünf Anfechtungen,person_anonym,,,
58,REN,Rennewart,person_34,388,,4493155-4
580,DJEM,Lyrik von Jenaer Meißner,person_1587,,,
581,RLS,Lyrik von Rumelant von Sachsen,person_1487,326,,
581,a7cf95c4dd62a1c46f883b0e71a9b82a7c47d36b3afb18cc63311f8f75c0a967,Lyrik von Rumelant von Sachsen,person_1487,326,,
582,NAR,Das Narrenschiff,person_1507,6501,Q1169954,4245841-9
582,NAR,Ship of Fools,person_1507,6501,Q1169954,4245841-9
583,DJUM,Lyrik von Junger Meißner,person_1567,2049,,
584,HUB1,"Kochbuch; Heidelberg, Universitätsbibliothek, Cpg. 551, 186r-196v (H2)",person_anonym,,,
585,HUB2,"Kochbücher; Heidelberg, Universitätsbibliothek, Cpg. 551, 197r-204r (H2)",person_anonym,,,
586,BRW,Lyrik von Bruder Wernher,person_1607,655,,
587,FLG1,Das fließende Licht der Gottheit,person_1547,1179,,4226427-3
587,FLG1,Das fließende Licht der Gottheit (Buch 3-7),person_1547,1179,,4226427-3
588,MBS2,"Münchner Kochbuchhandschriften aus dem 15. Jahrhundert; München, Bayerische Staatsbibliothek, Clm 15632",person_anonym,,,
589,KBL3,Inntalkochbuch,person_anonym,,,
589,d74e7f4b6298ed8f01c8505ab6e2f01162af8d1e37e2292f2d9068801f269e26,Inntalkochbuch,person_anonym,,,
59,SAL,Salman und Morolf,person_anonym,979,Q456205,4178964-7
59,SAL,Salomon und Markolf (Spielmannsepos),person_anonym,979,Q456205,4178964-7
59,SAL,Solomon and Marcolf,person_anonym,979,Q456205,4178964-7
590,623a31530b6c5507266f20c3fbb2d93752a9fbd540cb0ea8989abe0c66ea0265,Das Reichenauer Kochbuch aus der Badischen Landesbibliothek (Ka1),person_anonym,7171,,
590,KBL4,Das Reichenauer Kochbuch aus der Badischen Landesbibliothek (Ka1),person_anonym,7171,,
591,KSA1,Die Kochrezepte der Konstanzer Handschrift A I 1,person_anonym,1385,,
593,MBS7,"Münchner Kochbuchhandschriften aus dem 15. Jahrhundert; München, Bayerische Staatsbibliothek, Cgm 467",person_anonym,,,
594,MBS5,"Münchner Kochbuchhandschriften aus dem 15. Jahrhundert; München, Bayerische Staatsbibliothek, Cgm 725",person_anonym,,,
596,BVSN,Buch von den sechs Namen des Fronleichnams,person_1727,697,,1049486099
596,BVSN,Das puch von den VI namen des fronleichnams auch goldene zunge oder liber de corde et sanguine domini,person_1727,697,,1049486099
597,GWTK,Göttweiger Trojanerkrieg,person_anonym,1231,,4157813-2
597,GWTK,Göttweiger Trojanerkrieg,person_anonym,1231,,4157813-2
598,HUB3,Kochrezeptsammlung des cpg 583,person_anonym,,,
599,MBS1,"Münchner Kochbuchhandschriften aus dem 15. Jahrhundert; München, Bayerische Staatsbibliothek, Cgm 811",person_anonym,,,
6,,Frauendienst,person_5,386,,4558793-0
60,SIG,Sigenot,person_anonym,541,Q2284666,4181250-5
602,IW,Iwein,person_2,150,Q2048507,4113852-1
603,LAU,King Laurin,person_anonym,710,Q69471574,4166928-9
603,LAU,King Laurin,person_anonym,710,Q1712676,4166928-9
603,LAU,König Laurins Rosengarten,person_anonym,710,Q69471574,4166928-9
603,LAU,König Laurins Rosengarten,person_anonym,710,Q1712676,4166928-9
603,LAU,Laurin,person_anonym,710,Q69471574,4166928-9
603,LAU,Laurin,person_anonym,710,Q1712676,4166928-9
604,TRM,Tristan als Mönch,person_anonym,1463,Q65185219,4186229-6
604,TRM,Tristan als Mönch,person_anonym,1463,Q65185219,4186229-6
606,DBS,Die Bischöfe,person_anonym,,,
607,MHA,Lyrik von Hartmann von Aue,person_2,2052,,
608,DAL,Der arme Lazarus,person_anonym,5425,,
61,SW,Der Schwanritter,person_1,1781,Q1196775,4810249-0
610,DSK,Die schreiende Klage,person_4,,,
611,ALL,Allerheiligenlitanei,person_4,,,
613,WUH,Der Wolf und der Hund,person_4,,,
614,WVB,Lyrik von Wenzel von Beheim,person_1104,4574,,
615,RVB,Lyrik von Reimar von Brenneberg,person_1074,2130,,
616,UVL,Lyrik von Ulrich von Liechtenstein,person_5,5724,,
617,HDM,Lyrik von Heinrich von der Muore,person_1049,3479,,
618,SRK,Lyrik von Heinrich der Rost,person_1268,3766,,
619,SUS,Lyrik von Ulrich von Singenberg,person_1258,2041,,
62,VIR,Dietrichs erste Ausfahrt,person_anonym,485,Q2527752,4391493-7
62,VIR,Virginal,person_anonym,485,Q2527752,4391493-7
62,VIR,Virginal (Dietrichepik),person_anonym,485,Q2527752,4391493-7
620,SUB,Lyrik von Ulrich von Baumburg,person_1273,3234,,
621,SJH,Lyrik von Johannes Hadlaub,person_1275,3375,,
622,SGO,Lyrik von Göli,person_1278,2051,,
623,SVW,Lyrik des von Wengen,person_1269,4573,,
624,SP,Lyrik von Pfeffel,person_1270,4817,,
625,SJR,Lyrik von Johann von Ringgenberg,person_1259,4078,,
626,BST,Der beichtende Student,person_anonym,,,
627,BUH,Lyrik von Burkart von Hohenfels,person_1029,2727,,
628,DDS,Lyrik von Dietmar dem Setzer,person_1033,3627,,
629,DGS,Das geschändete Sakrament,person_anonym,,,
63,TIT,Titurel,person_7,439,Q1514654,4246338-5
630,KAN,Lyrik vom Kanzler,person_1056,191,,
631,VSU,Lyrik des von Suoneck,person_1101,3199,,
632,MR1,Minnereden Band 1,person_anonym,,,
633,MAN,Der Mantel,person_867,755,Q1195708,4417249-7
633,MAN,Der Mantel (Ambraser Heldenbuch),person_867,755,Q1195708,4417249-7
634,RVBR,Reinfried von Braunschweig,person_anonym,873,Q2140540,4177581-8
635,WVH,Lyrik von Willehelm von Heinzenburg,person_1330,2043,,
636,KVO,Lyrik vom König vom Odenwald,person_1707,2350,,
637,STE,Lyrik von Steinmar,person_1277,3184,,
638,WLB,Walberan,person_anonym,6678,,
639,HMT,Buch von Troja,person_746,1113,,4338348-8
64,HZ,Das Herzmaere,person_1,208,Q1615198,4810246-5
64,HZ,Daz ist daz Herzmære,person_1,208,Q1615198,4810246-5
64,HZ,Herzmäre,person_1,208,Q1615198,4810246-5
640,VZS,Studentenabenteuer,person_anonym,,,4792392-1
640,VZS,Studentenabenteuer (A),person_anonym,,,4792392-1
642,SUB1,"Salzburger Kochbuch; Salzburg, Universitätsbibliothek, M I 128",person_anonym,,,
643,ATF,Facetiae Latinae et Germanicae,person_1647,,,
644,MR2,Minnereden Band 2,person_anonym,,,
645,CLV,Christi Leiden in einer Vision geschaut,person_anonym,1789,,7795972-3
646,WVG,Lyrik von Waltram von Gresten,person_1328,4556,,
647,WVM,Lyrik von Wahsmuot von Mülnhusen,person_1332,4542,,
648,GS,Die goldene Schmiede,person_1,207,Q13142540,4200962-5
649,ALX,Von sant Alexius,person_1727,,,
65,WL,Der Welt Lohn,person_1,213,Q1198014,4267345-8
650,PTS,Das puch von der tochter Syon,person_1727,,,
650,PTS,Tochter Syon,person_1727,,,
651,BRF,Biterolf und Dietleib,person_anonym,757,Q878781,4145763-8
652,PSG,Buch der sieben Grade,person_1727,1018,,4327389-0
652,PSG,Das puch der siben grâde,person_1727,1018,,4327389-0
653,HMRG,Regimen sanitatis,person_1627,5192,,
654,SPH,Der Stein philosophorum,person_1147,,,
655,KAK,Des Königs alte Kleider,person_4,,,1056016523
655,KAK,Des Königs alte Kleider,person_4,,,1056016523
657,DHS,Der Hund und der Stein,person_4,,,
657,HST,Der Hund und der Stein,person_4,,,
658,BZI,Die beiden Zimmerleute,person_4,,,
659,DMB,Mahnung zur rechtzeitigen Buße,person_4,,,
659,MZR,Mahnung zur rechtzeitigen Buße,person_4,,,
660,PFL,Der Pfaffen Leben,person_4,,,1056015861
662,MAL,Marienlitanei,person_4,,,
663,ESH,Die Ehre und das Seelenheil,person_4,,,
663,EUS,Die Ehre und das Seelenheil,person_4,,,
664,GVV,Lyrik von Günther von dem Vorste,person_1047,3358,,
665,RUB,Lyrik von Rubin,person_1072,2044,,
666,NML,Lyrik von Namenlosen,person_anonym,,,
667,CEFB,Egenolffsches Fechtbuch,person_anonym,1895,,1119808618
667,CEFB,Fechtbuch,person_anonym,1895,,1119808618
668,WG,Der Welsche Gast,person_405,377,,4223048-2
668,WG,Der welsche Gast,person_405,377,,4223048-2
668,WGA,Der Welsche Gast,person_405,377,,4223048-2
668,WGA,Der welsche Gast,person_405,377,,4223048-2
668,WGI,Der Welsche Gast,person_405,377,,4223048-2
668,WGI,Der welsche Gast,person_405,377,,4223048-2
67,ROL,Das Rolandslied,person_44,202,Q1170189,4281929-5
67,ROL,Rolandslied,person_44,202,Q1170189,4281929-5
67,ROL,Rolandslied des Pfaffen Konrad,person_44,202,Q1170189,4281929-5
68,TAN,Tandareis und Flordibel,person_32,597,,4076173-3
69,TRO,Der Trojanische Krieg,person_1,212,Q66770444,4285313-8
69,TRO,Trojanerkrieg,person_1,212,Q66770444,4285313-8
7,FB,Frauenbuch,person_5,763,Q1451637,7611035-7
7,FBS,Frauenbuch,person_5,763,Q1451637,7611035-7
7,FD,Frauenbuch,person_5,763,Q1451637,7611035-7
7,FDS,Frauenbuch,person_5,763,Q1451637,7611035-7
7,FH,Frauenbuch,person_5,763,Q1451637,7611035-7
7,FLD,Frauenbuch,person_5,763,Q1451637,7611035-7
7,FP,Frauenbuch,person_5,763,Q1451637,7611035-7
70,MHM,Lyrik von Heinrich von Morungen,person_244,161,,
71,RUD,Graf Rudolf,person_anonym,136,Q1541392,4158004-7
72,TR,Tristan,person_8,476,Q2454177,4186232-6
72,TR,Tristan,person_8,476,Q2454177,4071969-8
72,TR,Tristan und Isolde,person_8,476,Q2454177,4186232-6
72,TR,Tristan und Isolde,person_8,476,Q2454177,4071969-8
72,TR,"Tristan und Isolde (Mittelhochdeutsch, Prosa)",person_8,476,Q2454177,4186232-6
72,TR,"Tristan und Isolde (Mittelhochdeutsch, Prosa)",person_8,476,Q2454177,4071969-8
73,TRH,Tristan,person_33,614,,4261233-0
74,TRU,Tristan,person_34,476,,4283968-3
75,WGM,Wigamur,person_anonym,427,Q2569727,4138285-7
76,WVW,Wilhelm von Wenden,person_12,1246,,4472285-0
77,ZUK,Gottes Zukunft,person_45,1471,,4711559-2
77,ZUK,Von Gotes Zuokunft,person_45,1471,,4711559-2
78,AXR,Alexander,person_11,320,,4558962-8
79,JT,Der Jüngere Titurel,person_84,10,,4127666-8
79,JT,Jüngerer Titurel,person_84,10,,4127666-8
8,HK,Heinrich von Kempten,person_1,1780,Q1563703,4221005-7
81,MNL,Des Minnesangs Frühling,person_anonym,,,4149167-1
81,MNL,Namenlose Lieder (Minnesangs Frühling),person_anonym,,,4149167-1
82,DMA,Die Maße,person_anonym,1292,,
84,DTF,Der Tor und das Feuer,person_4,,,
84,TUF,Der Tor und das Feuer,person_4,,,
85,DJA,Der Juden Abgott,person_4,,,
85,JUA,Der Juden Abgott,person_4,,,
86,DRA,Der Ratgeber,person_anonym,,,
87,OVW,Lyrik von Oswald von Wolkenstein,person_364,4720,,
88,MWE,Lyrik von Wolfram von Eschenbach,person_7,438,,
88,WEL,Lyrik von Wolfram von Eschenbach,person_7,438,,
89,ABG,Von der Abgeschiedenheit,person_445,2355,,
9,KK,Die Klage der Kunst,person_1,1595,,4568295-1
90,HAF,Der Heller der armen Frau,person_anonym,791,,
91,KMR,Der Kummer,person_anonym,,,
92,DVF,Der verflogene Falke,person_4,,,
92,VFA,Der verflogene Falke,person_4,,,
93,DWR,Das wilde Roß,person_4,,,
93,WIR,Das wilde Roß,person_4,,,
94,DFK,Die freigebige Königin,person_4,,,
94,DFK,Die milde Königin,person_4,,,
94,MKN,Die freigebige Königin,person_4,,,
94,MKN,Die milde Königin,person_4,,,
97,VUB,Von üblen Weibern,person_4,,,
98,DST,Die sechs Teufelsscharen,person_anonym,,,
99,BES,Ein Beispiel Salomons,person_4,,,
99,EBS,Ein Beispiel Salomons,person_4,,,
b4cc20a0-321f-480b-95c8-75298f3c68ef,WDA,Wolfdietrich,person_anonym,484,,4190196-4
b4cc20a0-321f-480b-95c8-75298f3c68ef,WDA,Wolfdietrich-Sage,person_anonym,484,,4190196-4
b4cc20a0-321f-480b-95c8-75298f3c68ef,WDB,Wolfdietrich,person_anonym,484,,4190196-4
b4cc20a0-321f-480b-95c8-75298f3c68ef,WDB,Wolfdietrich-Sage,person_anonym,484,,4190196-4
b4cc20a0-321f-480b-95c8-75298f3c68ef,WDD,Wolfdietrich,person_anonym,484,,4190196-4
b4cc20a0-321f-480b-95c8-75298f3c68ef,WDD,Wolfdietrich-Sage,person_anonym,484,,4190196-4
c7da236c-f557-49d7-b2c7-090637e59c03,TRO,Trojanerkrieg-Fortsetzung,person_anonym,929,,1181164893
f1576278-e28b-4d60-b473-ce67feeefc34,NEI,Lieder,person_64,,,4224761-5
f1576278-e28b-4d60-b473-ce67feeefc34,NEI,Lyrik von Neidhart,person_64,,,4224761-5
f1576278-e28b-4d60-b473-ce67feeefc34,NEIC,Lieder,person_64,,,4224761-5
f1576278-e28b-4d60-b473-ce67feeefc34,NEIC,Lyrik von Neidhart,person_64,,,4224761-5
f1576278-e28b-4d60-b473-ce67feeefc34,NEIM,Lieder,person_64,,,4224761-5
f1576278-e28b-4d60-b473-ce67feeefc34,NEIM,Lyrik von Neidhart,person_64,,,4224761-5
f1576278-e28b-4d60-b473-ce67feeefc34,NEIR,Lieder,person_64,,,4224761-5
f1576278-e28b-4d60-b473-ce67feeefc34,NEIR,Lyrik von Neidhart,person_64,,,4224761-5
